response_id,prolific_id,freq_park_usage,park_run_walk,park_biking,park_skiing,park_team_sports,park_family_pets,park_before_after_bar,park_before_after_meal,park_drink_coffee,park_never_go,freq_buy_local_apparel,freq_buy_local_brands,freq_buy_posters,freq_drink_alcohol,freq_drink_coffee_tea,brand_loyalty
R_DObl2Niv7desVRn,6101a61c7028ef118b714841,Once in a few months or longer,Not selected,Not selected,Not selected,Not selected,Spending time with family/pets,Not selected,Not selected,Not selected,Not selected,Once in a few months or longer,About once per month,Never,More than once per week,More than once per week,Highly loyal
R_9SJxigKcvpQ7s1r,60fd80b85dd6b22f66d16822,Several times per month,Not selected,Not selected,Not selected,Not selected,Spending time with family/pets,Not selected,Not selected,Not selected,Not selected,Once in a few months or longer,Once in a few months or longer,Never,Several times per month,More than once per week,Somewhat loyal
R_1BPBtndzJPu5dPC,6150aa2078df803c3eef0d6d,Several times per month,Running/walking,Not selected,Not selected,Not selected,Not selected,Not selected,Not selected,Not selected,Not selected,Never,About once per month,Never,Once in a few months or longer,More than once per week,Somewhat loyal
R_1KkUVkD7URvXSY8,5f2883986944881b2003c132,Once in a few months or longer,Running/walking,Biking,Not selected,Not selected,Not selected,Not selected,Somewhere to go before or after a meal at a local restaurant,Not selected,Not selected,Never,About once per month,Never,About once per month,More than once per week,Depends upon the product/service
R_qwGoFjrjCmt8k5r,615161dba3804d126e73d85d,About once per month,Running/walking,Not selected,Not selected,Playing team sports,Spending time with family/pets,Not selected,Not selected,Not selected,Not selected,Once in a few months or longer,About once per month,Never,Once in a few months or longer,More than once per week,Somewhat loyal
R_PwBNp85wIM0HLoZ,6109e17228f051ac8d0f3205,Never,Running/walking,Not selected,Not selected,Not selected,Spending time with family/pets,Somewhere to go before or after a beer/cocktail at a local bar or restaurant,Somewhere to go before or after a meal at a local restaurant,Not selected,Not selected,Once in a few months or longer,Once in a few months or longer,Never,Several times per month,Several times per month,Somewhat loyal
R_3iU036Te0jXwX8I,60db790e6a3f598de0190e28,About once per month,Running/walking,Biking,Not selected,Not selected,Spending time with family/pets,Not selected,Not selected,Not selected,Not selected,Never,Once in a few months or longer,1 per year,About once per month,Never,Somewhat loyal
R_1plZPrWeSh7OPuW,59a88f5b321f870001d16d68,More than once per week,Running/walking,Biking,Not selected,Not selected,Spending time with family/pets,Not selected,Not selected,Someplace to go while I drink my coffee,Not selected,Once in a few months or longer,Once in a few months or longer,Never,Several times per month,Never,Not loyal
R_2B5RbhmgumDTNTB,60fccc2c096c38cc9ad63ff3,Once in a few months or longer,Running/walking,Biking,Not selected,Not selected,Spending time with family/pets,Not selected,Not selected,Not selected,Not selected,Never,Never,Never,About once per month,More than once per week,Highly loyal
R_0lHbZvtvqhmnTFv,6156fa2309fd32e6b7d11075,About once per month,Not selected,Not selected,Not selected,Not selected,Spending time with family/pets,Not selected,Not selected,Not selected,Not selected,Once in a few months or longer,Once in a few months or longer,Never,Once in a few months or longer,More than once per week,Somewhat loyal
R_XKRazYSK2O2xKdX,5c7070519f9392000150023c,About once per month,Running/walking,Not selected,Not selected,Not selected,Spending time with family/pets,Not selected,Not selected,Not selected,Not selected,Never,About once per month,Never,Never,More than once per week,Somewhat loyal
R_25tP9jreko7iHGb,60fc5e06147233cbaf0d59e8,Once in a few months or longer,Running/walking,Not selected,Not selected,Not selected,Spending time with family/pets,Not selected,Not selected,Not selected,Not selected,Once in a few months or longer,Once in a few months or longer,2-3 per year,Never,Several times per month,Somewhat loyal
R_DVpX867lHv4RnJT,60fcec5f448d6d34a22bcafb,More than once per week,Running/walking,Not selected,Not selected,Not selected,Spending time with family/pets,Not selected,Somewhere to go before or after a meal at a local restaurant,Not selected,Not selected,Once in a few months or longer,About once per week,Never,Never,More than once per week,Highly loyal
R_31bgKfmliDzltUw,60dbf6f5a1694ed71ee0fd7f,About once per month,Running/walking,Not selected,Not selected,Not selected,Spending time with family/pets,Not selected,Not selected,Not selected,Not selected,Never,About once per month,Never,Once in a few months or longer,Once in a few months or longer,Depends upon the product/service
R_3KSzocKUm0pkKzh,60bec98ec93bac9b5a1d1786,More than once per week,Running/walking,Not selected,Not selected,Not selected,Not selected,Not selected,Not selected,Not selected,Not selected,Once in a few months or longer,Once in a few months or longer,Never,Once in a few months or longer,More than once per week,Depends upon the product/service
R_3EaK5RyQoJIBQ5w,5f1703a31ea06d025b729ad9,About once per month,Running/walking,Not selected,Not selected,Not selected,Not selected,Not selected,Not selected,Not selected,Not selected,Once in a few months or longer,Several times per month,Never,Never,About once per week,Somewhat loyal
R_2ykAtZ3c260HAqZ,60193321d10f4e02eed1ccf2,About once per month,Running/walking,Not selected,Not selected,Not selected,Not selected,Not selected,Somewhere to go before or after a meal at a local restaurant,Someplace to go while I drink my coffee,Not selected,Several times per month,Several times per month,Never,Once in a few months or longer,More than once per week,Somewhat loyal
R_25FTKrnASLbwzmM,61247491151682b679e31db0,Never,Not selected,Not selected,Not selected,Not selected,Not selected,Not selected,Not selected,Not selected,I don't go to the park,Never,Once in a few months or longer,1 per year,Once in a few months or longer,More than once per week,Somewhat loyal
R_1injemG22AlATW6,611319d711690a0a7059c63b,Once in a few months or longer,Running/walking,Biking,Not selected,Not selected,Spending time with family/pets,Somewhere to go before or after a beer/cocktail at a local bar or restaurant,Somewhere to go before or after a meal at a local restaurant,Someplace to go while I drink my coffee,Not selected,Once in a few months or longer,About once per month,1 per year,More than once per week,More than once per week,Somewhat loyal
R_10BgbxXPHOxAKe2,6111a51d55bcdc127d626390,Once in a few months or longer,Not selected,Biking,Not selected,Not selected,Spending time with family/pets,Not selected,Not selected,Not selected,Not selected,Never,Never,Never,Once in a few months or longer,About once per month,Not loyal
R_8df5MefGPoTFIfT,610ca88b5792d4c4eb2e98e1,Once in a few months or longer,Not selected,Not selected,Not selected,Playing team sports,Spending time with family/pets,Not selected,Not selected,Not selected,Not selected,Once in a few months or longer,Once in a few months or longer,Never,Never,Several times per month,Somewhat loyal
R_2OHJUmidntUs0oU,60ad9bb50498f3a88f8f4c4f,Never,Not selected,Not selected,Not selected,Not selected,Not selected,Not selected,Not selected,Not selected,I don't go to the park,Once in a few months or longer,About once per month,Never,Never,More than once per week,Depends upon the product/service
R_3gS1rRGXASuNLWS,5e6bba5459a3bd17473d4d6a,About once per month,Running/walking,Not selected,Not selected,Not selected,Not selected,Not selected,Not selected,Not selected,Not selected,Once in a few months or longer,Once in a few months or longer,2-3 per year,About once per month,More than once per week,Somewhat loyal
R_31WXuEEIZUBkmnr,6151d31b87f9d831c3c3993b,Once in a few months or longer,Not selected,Biking,Not selected,Not selected,Spending time with family/pets,Not selected,Not selected,Not selected,Not selected,Once in a few months or longer,More than once per week,Never,About once per week,Never,Highly loyal
R_2t7L9K5yd06A3Vn,581fce42429ef50001ac4fc1,Several times per month,Running/walking,Not selected,Not selected,Not selected,Not selected,Not selected,Not selected,Not selected,Not selected,About once per month,Once in a few months or longer,2-3 per year,About once per month,Several times per month,Depends upon the product/service
R_1HkvwZPNUr3Zn7Z,600673836848dc9fb0e79785,Several times per month,Running/walking,Biking,Not selected,Not selected,Not selected,Not selected,Not selected,Not selected,Not selected,Once in a few months or longer,Once in a few months or longer,Never,Several times per month,More than once per week,Depends upon the product/service
R_1Nbu6pMz5d878H3,6100b94f1750b9db274684c7,Once in a few months or longer,Not selected,Not selected,Not selected,Playing team sports,Spending time with family/pets,Not selected,Not selected,Not selected,Not selected,Once in a few months or longer,Once in a few months or longer,Never,Several times per month,About once per week,Highly loyal
R_1F2pjvXzS0r6K6M,612855e8ed6080b01a10ed54,About once per month,Running/walking,Not selected,Not selected,Not selected,Not selected,Not selected,Somewhere to go before or after a meal at a local restaurant,Someplace to go while I drink my coffee,Not selected,Once in a few months or longer,About once per month,1 per year,Once in a few months or longer,More than once per week,Depends upon the product/service
R_32RNQqExhTabNSe,610ad9de7928e140edf063f8,Once in a few months or longer,Not selected,Not selected,Not selected,Not selected,Spending time with family/pets,Not selected,Not selected,Not selected,Not selected,Never,About once per month,Never,Once in a few months or longer,More than once per week,Somewhat loyal
R_8vw1OAzoXvn4qMV,60b83826821417f8e484a207,About once per week,Running/walking,Not selected,Not selected,Not selected,Spending time with family/pets,Somewhere to go before or after a beer/cocktail at a local bar or restaurant,Somewhere to go before or after a meal at a local restaurant,Someplace to go while I drink my coffee,Not selected,Once in a few months or longer,Once in a few months or longer,Never,About once per month,More than once per week,Somewhat loyal
R_ZsGSoxqET3TI2gp,58cefdb030c4cf0001ceb3ac,About once per month,Running/walking,Not selected,Not selected,Not selected,Spending time with family/pets,Not selected,Not selected,Not selected,Not selected,Never,Once in a few months or longer,Never,Once in a few months or longer,About once per month,Somewhat loyal
R_Z8cZPkLVPnRDdrX,614fff0ee955434ed89cdd6a,Once in a few months or longer,Not selected,Not selected,Not selected,Not selected,Not selected,Not selected,Not selected,Someplace to go while I drink my coffee,Not selected,Never,Never,Never,More than once per week,About once per month,Depends upon the product/service
R_ZwaMxxLM3qqzqZX,5f1fc57dae86001f4dff12ee,Once in a few months or longer,Not selected,Not selected,Not selected,Not selected,Spending time with family/pets,Not selected,Not selected,Not selected,Not selected,About once per month,About once per month,Never,Never,More than once per week,Somewhat loyal
R_3pnDv5C40MfYd3N,5d8d5cc4c83a770013213a84,About once per month,Running/walking,Not selected,Not selected,Not selected,Not selected,Not selected,Not selected,Not selected,Not selected,Never,About once per month,Never,Once in a few months or longer,More than once per week,Depends upon the product/service
R_1o5sAXjWbVs4t9I,61535bd45997429e396cd1ac,About once per week,Running/walking,Not selected,Not selected,Not selected,Spending time with family/pets,Not selected,Not selected,Not selected,Not selected,Once in a few months or longer,Once in a few months or longer,1 per year,Never,More than once per week,Depends upon the product/service
R_3O1dmRHWl6HB8BG,6024528e6a061e12eea449d3,About once per month,Not selected,Not selected,Not selected,Not selected,Spending time with family/pets,Not selected,Not selected,Not selected,Not selected,Never,Once in a few months or longer,Never,More than once per week,More than once per week,Depends upon the product/service
R_2TmyLhVIAC2Gel2,5db9a46ff8e3f9000f88cb85,Once in a few months or longer,Running/walking,Not selected,Not selected,Not selected,Not selected,Not selected,Not selected,Not selected,Not selected,Once in a few months or longer,More than once per week,Never,Several times per month,More than once per week,Somewhat loyal
R_d7obymfmu4ptYEF,61520cb33cbe8939af2a11a6,Once in a few months or longer,Running/walking,Not selected,Not selected,Not selected,Spending time with family/pets,Not selected,Not selected,Not selected,Not selected,Once in a few months or longer,Once in a few months or longer,1 per year,Several times per month,More than once per week,Depends upon the product/service
R_2XnQwaQ1sc2Site,5f0144a4a28292298e381c49,Several times per month,Running/walking,Not selected,Not selected,Not selected,Spending time with family/pets,Not selected,Not selected,Not selected,Not selected,Once in a few months or longer,About once per month,Never,Never,Once in a few months or longer,Depends upon the product/service
R_5jVV6NJiyhVRF29,61494b2ba9fdd44794e4c5d3,About once per week,Running/walking,Not selected,Not selected,Not selected,Not selected,Not selected,Not selected,Not selected,Not selected,Once in a few months or longer,About once per month,Never,Never,More than once per week,Somewhat loyal
R_2s1mgqAXFdMBjLl,570bc1ffb9b52b00102db939,About once per month,Running/walking,Not selected,Not selected,Not selected,Spending time with family/pets,Not selected,Not selected,Not selected,Not selected,Never,Never,Never,Several times per month,More than once per week,Depends upon the product/service
R_VR90yR1SK0wwas1,60fe010f7d53d4e9cebf78a4,Once in a few months or longer,Running/walking,Biking,Not selected,Playing team sports,Spending time with family/pets,Not selected,Not selected,Someplace to go while I drink my coffee,Not selected,Never,About once per month,1 per year,About once per week,More than once per week,Somewhat loyal
R_1LO3sCp4qtE8HEm,615dd68523c38ecff40b29b4,About once per month,Running/walking,Biking,Not selected,Not selected,Spending time with family/pets,Not selected,Not selected,Not selected,Not selected,Once in a few months or longer,Never,Never,Never,More than once per week,Highly loyal
R_1ZJHchuj1GTdYB3,5d12e78f090507001aef72a4,Never,Not selected,Not selected,Not selected,Not selected,Not selected,Not selected,Not selected,Not selected,I don't go to the park,Never,About once per month,Never,Once in a few months or longer,More than once per week,Somewhat loyal
R_248lUejoqXurKob,5f7639bad6756f0bd6fc91e7,About once per week,Running/walking,Not selected,Not selected,Not selected,Spending time with family/pets,Not selected,Not selected,Someplace to go while I drink my coffee,Not selected,Several times per month,About once per month,2-3 per year,More than once per week,More than once per week,Somewhat loyal
R_1eJEBHILl9XQ7Em,60ebcdf8d320d7bec973d0f3,Several times per month,Not selected,Not selected,Not selected,Not selected,Spending time with family/pets,Not selected,Not selected,Not selected,Not selected,Once in a few months or longer,Several times per month,Never,About once per month,About once per month,Somewhat loyal
R_2X4hgtHrFoWLCr4,607ce9df61f8f44b9403edfc,Once in a few months or longer,Running/walking,Not selected,Not selected,Not selected,Spending time with family/pets,Not selected,Not selected,Not selected,Not selected,Once in a few months or longer,About once per month,Never,Never,Several times per month,Depends upon the product/service
R_3HM2GPRMk26QRJC,616f10014c04363731d398c0,Never,Not selected,Not selected,Not selected,Not selected,Not selected,Not selected,Not selected,Not selected,I don't go to the park,Once in a few months or longer,Once in a few months or longer,Never,About once per week,More than once per week,Depends upon the product/service
R_4IxQpiKb7dvhu81,5a6570bd31b87a0001c700dd,Several times per month,Running/walking,Biking,Not selected,Not selected,Spending time with family/pets,Not selected,Somewhere to go before or after a meal at a local restaurant,Someplace to go while I drink my coffee,Not selected,Never,Once in a few months or longer,Never,Once in a few months or longer,More than once per week,Highly loyal
R_2Egc7eDVeYHMSx4,60fe01fbab0316f090acb6b9,About once per week,Not selected,Not selected,Not selected,Playing team sports,Spending time with family/pets,Not selected,Somewhere to go before or after a meal at a local restaurant,Someplace to go while I drink my coffee,Not selected,About once per month,Several times per month,2-3 per year,Several times per month,Several times per month,Somewhat loyal
R_3iDPW6Wh0nfYmu4,60fcf15d6f86ffc5de817be3,Once in a few months or longer,Running/walking,Not selected,Not selected,Not selected,Spending time with family/pets,Not selected,Not selected,Not selected,Not selected,About once per month,Once in a few months or longer,Never,Never,Never,Not loyal
R_1kLC9qscgx3NQF2,60b9bb59251f1f055eddce4b,More than once per week,Running/walking,Not selected,Not selected,Not selected,Spending time with family/pets,Not selected,Somewhere to go before or after a meal at a local restaurant,Someplace to go while I drink my coffee,Not selected,Once in a few months or longer,About once per month,3-5 per year,About once per month,More than once per week,Somewhat loyal
R_bjPK2tatcRAdaiR,5c4ea6cc889752000156dd8e,Once in a few months or longer,Running/walking,Not selected,Not selected,Not selected,Spending time with family/pets,Not selected,Not selected,Not selected,Not selected,Once in a few months or longer,About once per month,2-3 per year,Several times per month,More than once per week,Depends upon the product/service
R_2V3jzut4NinvpLy,5bbc0004ac45e6000131d380,More than once per week,Running/walking,Biking,Not selected,Not selected,Spending time with family/pets,Not selected,Not selected,Someplace to go while I drink my coffee,Not selected,Once in a few months or longer,About once per month,Never,About once per week,More than once per week,Somewhat loyal
R_3j37GBF0KGhncyH,60ff9a9aad04eb7ef6cae70a,More than once per week,Running/walking,Biking,Not selected,Not selected,Spending time with family/pets,Somewhere to go before or after a beer/cocktail at a local bar or restaurant,Not selected,Someplace to go while I drink my coffee,Not selected,Once in a few months or longer,More than once per week,Never,About once per week,More than once per week,Depends upon the product/service
R_3qVv1TwFCI51CHq,617612aa86abe09e0c69b7f2,Once in a few months or longer,Running/walking,Not selected,Not selected,Playing team sports,Not selected,Not selected,Not selected,Not selected,Not selected,Never,Once in a few months or longer,Never,About once per week,More than once per week,Not loyal
R_popt0dWm0e4l529,60ff0a5380bb3896b3a0484a,Never,Not selected,Not selected,Not selected,Not selected,Not selected,Not selected,Not selected,Not selected,I don't go to the park,Once in a few months or longer,About once per month,Never,More than once per week,More than once per week,Somewhat loyal
R_3wSWwVQycYCec3n,5cf5ea4dea7a80000156520e,More than once per week,Running/walking,Not selected,Not selected,Playing team sports,Spending time with family/pets,Not selected,Somewhere to go before or after a meal at a local restaurant,Not selected,Not selected,About once per month,About once per month,1 per year,About once per week,More than once per week,Somewhat loyal
R_2uVPTxZz8Quxpcb,614f24578db9aab4bfb2809f,About once per week,Not selected,Not selected,Not selected,Not selected,Spending time with family/pets,Not selected,Not selected,Not selected,Not selected,Never,Never,Never,Once in a few months or longer,Once in a few months or longer,Not loyal
R_1H1ZDG9bZiUqs5n,61033627c32742424aeaaac1,About once per month,Running/walking,Not selected,Not selected,Not selected,Spending time with family/pets,Not selected,Somewhere to go before or after a meal at a local restaurant,Not selected,Not selected,Once in a few months or longer,Once in a few months or longer,2-3 per year,More than once per week,Never,Not loyal
R_8076N5SA6FJW4Nz,602b3e365bdba426935d62b3,Never,Not selected,Not selected,Not selected,Not selected,Not selected,Not selected,Not selected,Not selected,I don't go to the park,Once in a few months or longer,Once in a few months or longer,Never,Never,Once in a few months or longer,Depends upon the product/service
R_1rqSSp1GSpUr80M,614f763c033e48b3649609ed,About once per month,Not selected,Not selected,Not selected,Not selected,Spending time with family/pets,Not selected,Not selected,Not selected,Not selected,Never,Once in a few months or longer,Never,Never,More than once per week,Depends upon the product/service
R_vPr8wRPAhRLihln,5f16fa8069dc2901cd1e0b05,More than once per week,Running/walking,Biking,Not selected,Not selected,Spending time with family/pets,Not selected,Not selected,Not selected,Not selected,Once in a few months or longer,Several times per month,Never,About once per month,More than once per week,Somewhat loyal
R_1LboN3qf6iZa2lY,608b545dac4ff506d7f01f04,Never,Not selected,Not selected,Not selected,Not selected,Not selected,Not selected,Not selected,Not selected,I don't go to the park,Never,About once per week,Never,Never,More than once per week,Somewhat loyal
R_ebMorTQGtMB7cNb,5f985a6faf071810974a32f8,More than once per week,Running/walking,Biking,Cross-country skiing,Not selected,Spending time with family/pets,Somewhere to go before or after a beer/cocktail at a local bar or restaurant,Not selected,Someplace to go while I drink my coffee,Not selected,Once in a few months or longer,Several times per month,Never,About once per week,More than once per week,Depends upon the product/service
R_4VkOmY5kyDVnCyB,55ed87f0748092000baa9a0b,Several times per month,Running/walking,Not selected,Not selected,Not selected,Not selected,Not selected,Somewhere to go before or after a meal at a local restaurant,Someplace to go while I drink my coffee,Not selected,Never,More than once per week,Never,More than once per week,More than once per week,Depends upon the product/service
R_2w51K03jmgI1Bb7,606c9e1647fee0e506367aa2,Once in a few months or longer,Running/walking,Not selected,Not selected,Not selected,Spending time with family/pets,Not selected,Somewhere to go before or after a meal at a local restaurant,Someplace to go while I drink my coffee,Not selected,Never,More than once per week,Never,More than once per week,Several times per month,Depends upon the product/service
R_xg9DQfOXlX6fHah,5d2d0fb9f4b87b0001f0acff,About once per month,Running/walking,Not selected,Not selected,Not selected,Spending time with family/pets,Not selected,Not selected,Not selected,Not selected,About once per month,About once per month,Never,Once in a few months or longer,More than once per week,Somewhat loyal
R_25AstUihJtNCaWb,6168b61ad8c0d63b37a92109,Once in a few months or longer,Running/walking,Not selected,Not selected,Not selected,Not selected,Not selected,Not selected,Not selected,Not selected,Never,Never,Never,Once in a few months or longer,Once in a few months or longer,Depends upon the product/service
R_1n8ucm7iONmyN2u,608cea5eeac0a103af5c90ca,About once per month,Running/walking,Not selected,Not selected,Not selected,Spending time with family/pets,Not selected,Not selected,Someplace to go while I drink my coffee,Not selected,Once in a few months or longer,Several times per month,Never,About once per month,Once in a few months or longer,Somewhat loyal
R_RqqRNV4lbkgGhQB,6143af8721d1445864c4f6c8,Once in a few months or longer,Running/walking,Not selected,Not selected,Not selected,Not selected,Not selected,Somewhere to go before or after a meal at a local restaurant,Not selected,Not selected,Once in a few months or longer,Once in a few months or longer,Never,Once in a few months or longer,Several times per month,Somewhat loyal
R_24ABC7rbhyuepUh,60fe3a34f7f4d5e48ad56af2,Once in a few months or longer,Not selected,Not selected,Not selected,Not selected,Spending time with family/pets,Not selected,Not selected,Not selected,Not selected,Never,Once in a few months or longer,2-3 per year,Never,Never,Somewhat loyal
R_1UktpGlHwHFH9oB,605b8cf6c07b6842b5cab429,Never,Not selected,Not selected,Not selected,Not selected,Not selected,Not selected,Not selected,Not selected,I don't go to the park,Once in a few months or longer,Once in a few months or longer,1 per year,About once per month,Several times per month,Depends upon the product/service
R_27kDUjP6vc02mbu,5b91f3f9d99ca20001ef6d8b,Once in a few months or longer,Not selected,Not selected,Not selected,Not selected,Not selected,Not selected,Not selected,Someplace to go while I drink my coffee,Not selected,Never,About once per week,Never,Once in a few months or longer,More than once per week,Somewhat loyal
R_D0iv9h7wvMzaZZn,5967862f965b0b000108cf31,About once per month,Not selected,Not selected,Not selected,Not selected,Spending time with family/pets,Not selected,Not selected,Not selected,Not selected,Once in a few months or longer,Once in a few months or longer,Never,About once per month,Never,Somewhat loyal
R_2Pj6VxXBLdF4UdW,60fdcc422f8092db02141b61,Once in a few months or longer,Running/walking,Not selected,Not selected,Not selected,Spending time with family/pets,Not selected,Not selected,Not selected,Not selected,Never,Never,Never,Several times per month,More than once per week,Depends upon the product/service
R_25swQNbvXlI0Mz8,61118f444d2e0a40a661484c,About once per month,Running/walking,Not selected,Not selected,Not selected,Not selected,Not selected,Not selected,Not selected,Not selected,Once in a few months or longer,Once in a few months or longer,2-3 per year,Never,Never,Somewhat loyal
R_1o4NixNIrnKXDwk,5d4a03a7278a80001a4fa9df,Once in a few months or longer,Running/walking,Not selected,Not selected,Not selected,Spending time with family/pets,Not selected,Not selected,Not selected,Not selected,Never,More than once per week,Never,More than once per week,More than once per week,Somewhat loyal
R_2QS4vqvxwrcbVIY,5e72e0d8adc903240ac70891,About once per week,Running/walking,Not selected,Not selected,Not selected,Not selected,Not selected,Not selected,Not selected,Not selected,About once per month,About once per month,Never,More than once per week,More than once per week,Somewhat loyal
R_1Ze1iOclTV8YUEx,5dd3e5b66d52253c0e37e402,Once in a few months or longer,Running/walking,Not selected,Not selected,Not selected,Spending time with family/pets,Not selected,Not selected,Not selected,Not selected,Once in a few months or longer,Once in a few months or longer,Never,Several times per month,More than once per week,Not loyal
R_3EPZbJHx2OT86TD,5a69b952f561b400011e188d,Once in a few months or longer,Running/walking,Not selected,Not selected,Not selected,Not selected,Not selected,Not selected,Not selected,Not selected,Once in a few months or longer,Once in a few months or longer,Never,Never,More than once per week,Somewhat loyal
R_0oLOucIpP2VAEGR,6123031c595acde3f517cd33,Once in a few months or longer,Running/walking,Not selected,Not selected,Not selected,Spending time with family/pets,Not selected,Not selected,Not selected,Not selected,Never,Once in a few months or longer,Never,Never,About once per month,Somewhat loyal
R_3242kyhMBDSi9oI,60fdca1a87839971dfef0270,Once in a few months or longer,Running/walking,Not selected,Not selected,Not selected,Spending time with family/pets,Not selected,Somewhere to go before or after a meal at a local restaurant,Someplace to go while I drink my coffee,Not selected,Once in a few months or longer,About once per month,Never,Once in a few months or longer,More than once per week,Somewhat loyal
R_1Crwlu9ofMjgfbr,5953d01e4d560700016462da,More than once per week,Not selected,Not selected,Not selected,Not selected,Spending time with family/pets,Not selected,Not selected,Not selected,Not selected,Never,About once per week,Never,Never,More than once per week,Somewhat loyal
R_1fjiNRCTPJkXAuW,601581439865f1060313be50,Several times per month,Running/walking,Not selected,Not selected,Not selected,Not selected,Somewhere to go before or after a beer/cocktail at a local bar or restaurant,Not selected,Someplace to go while I drink my coffee,Not selected,Once in a few months or longer,Once in a few months or longer,Never,More than once per week,More than once per week,Depends upon the product/service
R_3fAxDNqdOxbQLh2,6084f9cdcf053dc83dd4acc4,About once per month,Running/walking,Not selected,Not selected,Not selected,Not selected,Not selected,Not selected,Not selected,Not selected,Once in a few months or longer,About once per month,Never,Never,About once per month,Not loyal
R_2dyhEGnBlPeV3x8,6146b99c248d3ffdaa898d36,More than once per week,Not selected,Biking,Not selected,Not selected,Spending time with family/pets,Not selected,Not selected,Someplace to go while I drink my coffee,Not selected,Never,About once per month,Never,Never,More than once per week,Somewhat loyal
R_2icfdorSayyKDst,6111630ceaf62bcff1ebd7d2,About once per month,Running/walking,Biking,Cross-country skiing,Not selected,Spending time with family/pets,Not selected,Not selected,Not selected,Not selected,About once per month,About once per month,2-3 per year,Several times per month,About once per month,Somewhat loyal
R_uwtJN0TGZhsUI6J,611171b294ac05e4a3ff358b,Once in a few months or longer,Running/walking,Biking,Not selected,Not selected,Spending time with family/pets,Not selected,Not selected,Someplace to go while I drink my coffee,Not selected,Once in a few months or longer,Once in a few months or longer,2-3 per year,About once per month,More than once per week,Somewhat loyal
R_Qd2if340m5nljmF,5c5924c553fba80001bd7ad9,Once in a few months or longer,Running/walking,Not selected,Not selected,Not selected,Not selected,Not selected,Not selected,Not selected,Not selected,Never,Once in a few months or longer,2-3 per year,Never,More than once per week,Depends upon the product/service
R_2BmNDzUOSlfI3Ya,6175b531c813b4ecd88c5065,Once in a few months or longer,Running/walking,Not selected,Not selected,Not selected,Spending time with family/pets,Not selected,Not selected,Not selected,Not selected,Never,About once per month,1 per year,Never,Never,Not loyal
R_AohM3mgPBYYgBqh,614fca8245a450546842e487,Several times per month,Running/walking,Biking,Not selected,Not selected,Spending time with family/pets,Not selected,Not selected,Not selected,Not selected,Never,Several times per month,Never,Once in a few months or longer,More than once per week,Depends upon the product/service
R_3fSHkHZzRWRLMnh,5f5be09e16b98d18b3d213db,Once in a few months or longer,Running/walking,Not selected,Not selected,Not selected,Spending time with family/pets,Not selected,Somewhere to go before or after a meal at a local restaurant,Not selected,Not selected,Never,About once per month,Never,Never,About once per week,Depends upon the product/service
R_1CwJWnlsYm338B3,60d3bf7186e79d8be99b335e,Once in a few months or longer,Running/walking,Not selected,Not selected,Not selected,Not selected,Not selected,Somewhere to go before or after a meal at a local restaurant,Not selected,Not selected,Never,About once per month,1 per year,More than once per week,More than once per week,Not loyal
R_RUlvj2NDOH2i90t,611e0d3c67d86e1ff9f58428,Once in a few months or longer,Running/walking,Not selected,Not selected,Not selected,Spending time with family/pets,Not selected,Somewhere to go before or after a meal at a local restaurant,Not selected,Not selected,Once in a few months or longer,Once in a few months or longer,Never,About once per month,Never,Not loyal
R_1itBwIa01eLbiag,60fe3355044fe7dbcfd05176,Never,Not selected,Not selected,Not selected,Not selected,Not selected,Not selected,Not selected,Not selected,I don't go to the park,Several times per month,About once per month,3-5 per year,Never,Several times per month,Depends upon the product/service
R_vdIiSFJjzErIt1L,60fcf6b8fcdfa822c55aaed7,Once in a few months or longer,Running/walking,Not selected,Not selected,Not selected,Not selected,Not selected,Not selected,Not selected,Not selected,Once in a few months or longer,Once in a few months or longer,Never,Never,About once per week,Somewhat loyal
R_2B9cO2erq3llixc,603202f68083d81c26b50318,About once per month,Running/walking,Not selected,Not selected,Not selected,Spending time with family/pets,Not selected,Not selected,Not selected,Not selected,Once in a few months or longer,Several times per month,Never,Never,More than once per week,Highly loyal
R_2OOsTpvdvGniWoz,5ef0d115ebe9a70ee13bcd52,Once in a few months or longer,Running/walking,Not selected,Not selected,Not selected,Not selected,Not selected,Not selected,Not selected,Not selected,Never,Never,1 per year,Once in a few months or longer,More than once per week,Somewhat loyal
R_1EjqULa0XZvJrUv,5c5c70947676860001fff825,Several times per month,Running/walking,Not selected,Not selected,Not selected,Spending time with family/pets,Not selected,Not selected,Not selected,Not selected,Once in a few months or longer,About once per month,2-3 per year,Once in a few months or longer,More than once per week,Highly loyal
R_57iSDnbq0wuhtUl,611547dcc45adf9a07c60aea,Several times per month,Not selected,Not selected,Not selected,Not selected,Spending time with family/pets,Not selected,Not selected,Not selected,Not selected,Once in a few months or longer,Several times per month,Never,More than once per week,More than once per week,Highly loyal
R_3oROpOhEkZLbtIz,60bedc86a7fe71bd6092ea3d,Once in a few months or longer,Not selected,Not selected,Not selected,Not selected,Spending time with family/pets,Not selected,Not selected,Not selected,Not selected,Once in a few months or longer,Once in a few months or longer,Never,Once in a few months or longer,About once per week,Depends upon the product/service
R_2dRVvFKUX6kp4vR,5e916cb9e502b1498e8fc059,Several times per month,Running/walking,Not selected,Not selected,Not selected,Spending time with family/pets,Not selected,Somewhere to go before or after a meal at a local restaurant,Not selected,Not selected,Never,Several times per month,Never,Once in a few months or longer,Never,Depends upon the product/service
R_293RHK8oYhjxruA,614e7d01eb43e956288b13be,Several times per month,Running/walking,Not selected,Not selected,Not selected,Spending time with family/pets,Not selected,Not selected,Someplace to go while I drink my coffee,Not selected,Once in a few months or longer,Once in a few months or longer,Never,More than once per week,More than once per week,Somewhat loyal
R_2Bt90P8TaIq3Ca2,5e544727059e3744ccdd4c3b,Once in a few months or longer,Running/walking,Not selected,Not selected,Not selected,Not selected,Not selected,Not selected,Not selected,Not selected,Never,Never,Never,Once in a few months or longer,Once in a few months or longer,Somewhat loyal
R_2AGoqdCsRTNOGKn,61078d759ef0f9074d119880,Never,Not selected,Not selected,Not selected,Not selected,Not selected,Not selected,Not selected,Not selected,I don't go to the park,Never,Never,Never,Never,More than once per week,Not loyal
R_22kSgzCsefvncrF,6173841b9749c0451055cd45,Several times per month,Running/walking,Not selected,Not selected,Playing team sports,Spending time with family/pets,Not selected,Not selected,Not selected,Not selected,Once in a few months or longer,About once per month,1 per year,Never,Never,Somewhat loyal
R_ROhoSBE4kXBnIPL,615a91510a1a37d8c1a1ca7a,More than once per week,Running/walking,Biking,Not selected,Not selected,Spending time with family/pets,Not selected,Somewhere to go before or after a meal at a local restaurant,Not selected,Not selected,Once in a few months or longer,Several times per month,1 per year,More than once per week,More than once per week,Somewhat loyal
R_XLDR1IMt1hzgZxL,6153b1a7b6f3b29384967d34,Once in a few months or longer,Not selected,Not selected,Not selected,Not selected,Spending time with family/pets,Not selected,Not selected,Not selected,Not selected,Never,Once in a few months or longer,1 per year,Never,Never,Depends upon the product/service
R_1gdcDGu7pgwh9yQ,5c6dc6e3f238400001941e1a,Never,Not selected,Not selected,Not selected,Not selected,Not selected,Not selected,Not selected,Not selected,I don't go to the park,Never,Several times per month,Never,More than once per week,More than once per week,Somewhat loyal
R_2dKOBPV7XPhXMbg,61077a7111364eabfdcf14c2,Once in a few months or longer,Running/walking,Not selected,Not selected,Playing team sports,Not selected,Not selected,Not selected,Not selected,Not selected,Never,About once per month,1 per year,Several times per month,More than once per week,Somewhat loyal
R_3NP0iqLcr7AADf1,612f9c9c481afebc3164e623,About once per month,Not selected,Not selected,Not selected,Not selected,Not selected,Not selected,Somewhere to go before or after a meal at a local restaurant,Someplace to go while I drink my coffee,Not selected,Never,About once per month,1 per year,Several times per month,Several times per month,Depends upon the product/service
R_RDGbpVwQSPMpqrD,60b49cb1dc5470789edd23fe,About once per month,Running/walking,Not selected,Not selected,Not selected,Not selected,Not selected,Not selected,Someplace to go while I drink my coffee,Not selected,Once in a few months or longer,Never,Never,Once in a few months or longer,More than once per week,Somewhat loyal
R_2zqeGkyiRye6T2D,60b5afaa6e6e7872693249b6,Several times per month,Running/walking,Biking,Not selected,Not selected,Not selected,Not selected,Not selected,Not selected,Not selected,Never,Several times per month,Never,Several times per month,Never,Depends upon the product/service
R_1PYkAwarIqtMXxg,614e6cb7ae405c4deb45b906,About once per month,Running/walking,Not selected,Not selected,Not selected,Not selected,Not selected,Not selected,Not selected,Not selected,Once in a few months or longer,About once per month,Never,About once per week,More than once per week,Depends upon the product/service
R_2c8BofxQ9nIJIUT,5f2a12f5837dd81e5881b7cc,Once in a few months or longer,Not selected,Not selected,Not selected,Not selected,Spending time with family/pets,Not selected,Not selected,Not selected,Not selected,Never,About once per month,Never,Never,More than once per week,Somewhat loyal
R_1FKZaXvkEtJyrMs,5e6813ada1c2de09bc51d9b2,Once in a few months or longer,Running/walking,Not selected,Not selected,Not selected,Not selected,Not selected,Not selected,Not selected,Not selected,Never,Once in a few months or longer,Never,More than once per week,More than once per week,Somewhat loyal
R_RrDLOjzTOIRU9Ox,5d1acc6eb0c5a8001786de55,Several times per month,Running/walking,Biking,Not selected,Not selected,Spending time with family/pets,Not selected,Not selected,Not selected,Not selected,Once in a few months or longer,Once in a few months or longer,Never,Several times per month,More than once per week,Not loyal
R_12lMEM5lTXYqu7b,5af1c24d5bbd0b00015eca8b,Once in a few months or longer,Not selected,Biking,Cross-country skiing,Not selected,Spending time with family/pets,Not selected,Not selected,Not selected,Not selected,Once in a few months or longer,Once in a few months or longer,Never,Once in a few months or longer,About once per month,Depends upon the product/service
R_31bdWWjvif4BgIf,5f121091e95fdc03b5e897d0,Several times per month,Running/walking,Not selected,Not selected,Playing team sports,Spending time with family/pets,Not selected,Not selected,Not selected,Not selected,Never,Once in a few months or longer,Never,Once in a few months or longer,Once in a few months or longer,Somewhat loyal
R_9QR5Z7qIGICUIBH,6163ca357c6bfd73eae6f8ee,About once per month,Not selected,Not selected,Not selected,Not selected,Spending time with family/pets,Not selected,Somewhere to go before or after a meal at a local restaurant,Someplace to go while I drink my coffee,Not selected,Once in a few months or longer,Several times per month,Never,Never,Never,Not loyal
R_24tILg7l3ruiusq,5e0047b3a99550c62bda2dd6,More than once per week,Running/walking,Not selected,Not selected,Not selected,Spending time with family/pets,Not selected,Somewhere to go before or after a meal at a local restaurant,Someplace to go while I drink my coffee,Not selected,Once in a few months or longer,About once per week,3-5 per year,Never,More than once per week,Depends upon the product/service
R_1F9fH2dmRKaVcVa,5d7ff85ffec5620017b07c40,Once in a few months or longer,Not selected,Not selected,Not selected,Not selected,Spending time with family/pets,Not selected,Not selected,Not selected,Not selected,Never,Once in a few months or longer,Never,About once per week,More than once per week,Somewhat loyal
R_11ZxLNZQeaxEBNN,616edcc90d9facce036066c1,Never,Not selected,Not selected,Not selected,Not selected,Not selected,Not selected,Not selected,Not selected,I don't go to the park,Once in a few months or longer,About once per week,Never,Once in a few months or longer,More than once per week,Highly loyal
R_2YJsDIjsxGEOs4x,611b38dea7f1754225fa39bf,Once in a few months or longer,Running/walking,Not selected,Not selected,Not selected,Spending time with family/pets,Not selected,Not selected,Not selected,Not selected,Once in a few months or longer,Once in a few months or longer,Never,Never,Never,Depends upon the product/service
R_6hRZOj08WEdhIVH,5d6ef023cfe0a400198f911e,Several times per month,Running/walking,Not selected,Not selected,Not selected,Spending time with family/pets,Not selected,Not selected,Not selected,Not selected,Once in a few months or longer,About once per month,1 per year,More than once per week,More than once per week,Somewhat loyal
R_u2IJGQOZpzZIkCt,5bdf513338109a0001f474c8,About once per month,Not selected,Not selected,Not selected,Not selected,Spending time with family/pets,Not selected,Somewhere to go before or after a meal at a local restaurant,Not selected,Not selected,Once in a few months or longer,About once per month,1 per year,Never,Never,Somewhat loyal
R_ue7D3Gn7J44jlKh,5ec866acd314a03483aa2634,Once in a few months or longer,Running/walking,Biking,Not selected,Not selected,Spending time with family/pets,Not selected,Not selected,Not selected,Not selected,Once in a few months or longer,Once in a few months or longer,Never,Never,More than once per week,Somewhat loyal
R_Y3uuo7TyoJWCFkB,614eb607ccaec331d3796d91,Once in a few months or longer,Running/walking,Not selected,Not selected,Not selected,Not selected,Not selected,Somewhere to go before or after a meal at a local restaurant,Not selected,Not selected,Once in a few months or longer,Once in a few months or longer,Never,Once in a few months or longer,Never,Somewhat loyal
R_2QtXR5GTZRjYteF,610ec695503dab0fa9492d61,Several times per month,Running/walking,Biking,Not selected,Not selected,Not selected,Not selected,Not selected,Not selected,Not selected,Several times per month,Several times per month,1 per year,About once per month,More than once per week,Somewhat loyal
R_2D2BKY5oiiLYMhO,55b9a9b0fdf99b6906d2aba4,Once in a few months or longer,Running/walking,Not selected,Not selected,Not selected,Not selected,Not selected,Not selected,Not selected,Not selected,Never,About once per month,Never,About once per month,More than once per week,Somewhat loyal
R_2sbsVO5U4q6ogw9,6144834d136ed7f27d2dbe60,About once per week,Running/walking,Not selected,Not selected,Not selected,Spending time with family/pets,Not selected,Not selected,Not selected,Not selected,Once in a few months or longer,About once per week,Never,Once in a few months or longer,More than once per week,Somewhat loyal
R_2tbdpdndV8v1kuZ,57975e774d107800016dd38d,Once in a few months or longer,Running/walking,Not selected,Not selected,Not selected,Not selected,Not selected,Not selected,Not selected,Not selected,Once in a few months or longer,About once per month,Never,Once in a few months or longer,Several times per month,Depends upon the product/service
R_111SgJPHiQppHa0,5ff4997ab11116b6e41946c1,Once in a few months or longer,Running/walking,Not selected,Not selected,Not selected,Not selected,Somewhere to go before or after a beer/cocktail at a local bar or restaurant,Somewhere to go before or after a meal at a local restaurant,Not selected,Not selected,About once per month,Several times per month,Never,Several times per month,Several times per month,Somewhat loyal
R_33C0E9oBuYQ1mtW,5e379ad54dd79670c8572f86,About once per week,Running/walking,Not selected,Not selected,Not selected,Spending time with family/pets,Not selected,Somewhere to go before or after a meal at a local restaurant,Not selected,Not selected,Never,Several times per month,Never,Once in a few months or longer,More than once per week,Somewhat loyal
R_UrvI23T63yrueVH,5d8108c0a6d2bf001afdb2d9,About once per month,Running/walking,Not selected,Not selected,Not selected,Spending time with family/pets,Not selected,Not selected,Not selected,Not selected,Once in a few months or longer,About once per month,Never,Never,Several times per month,Not loyal
R_3nPF4StXJy6VqQn,601b86cdd8db935594656c1a,About once per month,Running/walking,Not selected,Not selected,Not selected,Spending time with family/pets,Not selected,Not selected,Not selected,Not selected,About once per month,About once per week,Never,Once in a few months or longer,Never,Depends upon the product/service
R_1llqRcJ5p6nsBhT,5e9f657265908b0fcacb1839,Once in a few months or longer,Running/walking,Not selected,Not selected,Not selected,Not selected,Not selected,Not selected,Not selected,Not selected,Once in a few months or longer,About once per month,1 per year,More than once per week,About once per week,Not loyal
R_2Ynxn4hVLkrrKMl,5f5353ff017c5965165df065,Once in a few months or longer,Running/walking,Not selected,Not selected,Not selected,Not selected,Not selected,Not selected,Not selected,Not selected,Once in a few months or longer,Once in a few months or longer,Never,Once in a few months or longer,Once in a few months or longer,Somewhat loyal
R_UfkR3bVk0ar5pEl,6152b8943ef5c73934ed350a,Once in a few months or longer,Running/walking,Not selected,Not selected,Not selected,Not selected,Not selected,Not selected,Not selected,Not selected,Once in a few months or longer,Once in a few months or longer,Never,About once per week,More than once per week,Somewhat loyal
R_37SBV2x6VPf8M8N,5f6a3e3dbd67e60c184e9bb5,Once in a few months or longer,Running/walking,Not selected,Not selected,Not selected,Spending time with family/pets,Not selected,Somewhere to go before or after a meal at a local restaurant,Not selected,Not selected,Once in a few months or longer,Once in a few months or longer,Never,Never,More than once per week,Depends upon the product/service
R_5pCGrd93aKR2qv7,58ce29970b6a0e00011d8276,Once in a few months or longer,Running/walking,Not selected,Not selected,Not selected,Spending time with family/pets,Not selected,Not selected,Not selected,Not selected,Once in a few months or longer,Once in a few months or longer,Never,About once per month,Never,Depends upon the product/service
R_3KBdtBSsZwZuvDg,6110dacef7e301c696882271,About once per month,Not selected,Biking,Not selected,Not selected,Spending time with family/pets,Not selected,Not selected,Not selected,Not selected,Never,Once in a few months or longer,1 per year,Never,More than once per week,Somewhat loyal
R_5aJwzNxkT2PKDDz,5a135875074b1900012527a9,Never,Running/walking,Not selected,Not selected,Not selected,Not selected,Not selected,Not selected,Not selected,Not selected,Never,Never,1 per year,Never,More than once per week,Somewhat loyal
R_30eJKuAX2R8QZj6,5a6d5ae19d65ec00017e9bae,Several times per month,Running/walking,Biking,Not selected,Not selected,Spending time with family/pets,Not selected,Not selected,Not selected,Not selected,Once in a few months or longer,About once per month,1 per year,About once per month,More than once per week,Somewhat loyal
R_RrTLn5D44IljYOJ,60fd82c6bba5b0d80f9b495f,Once in a few months or longer,Not selected,Not selected,Not selected,Not selected,Spending time with family/pets,Not selected,Somewhere to go before or after a meal at a local restaurant,Not selected,Not selected,Never,Once in a few months or longer,Never,Never,More than once per week,Somewhat loyal
R_1dAX4RunVmfehSS,6121e36192d8fd0203910a30,Never,Not selected,Not selected,Not selected,Not selected,Not selected,Not selected,Not selected,Not selected,I don't go to the park,Once in a few months or longer,About once per month,Never,Never,More than once per week,Somewhat loyal
R_2CemAeF4y7NgneS,60f6ce6de6cf393bcde0c14d,Never,Not selected,Not selected,Not selected,Not selected,Not selected,Not selected,Not selected,Not selected,I don't go to the park,Never,Never,Never,Never,Never,Depends upon the product/service
R_2pMJbvXghDJKbcx,5ddb58c61f179ea91098c6c1,About once per month,Running/walking,Not selected,Not selected,Not selected,Spending time with family/pets,Not selected,Not selected,Not selected,Not selected,Once in a few months or longer,Once in a few months or longer,Never,Once in a few months or longer,More than once per week,Somewhat loyal
R_2xXmbgacPXxPuzq,5f4d07b4fae27694de8f5af1,About once per month,Not selected,Not selected,Not selected,Not selected,Spending time with family/pets,Not selected,Not selected,Someplace to go while I drink my coffee,Not selected,Never,About once per month,Never,About once per month,More than once per week,Somewhat loyal
R_73UOA9PmOaAhXDr,5dd74005794e106ec44df770,Several times per month,Running/walking,Not selected,Not selected,Not selected,Spending time with family/pets,Not selected,Somewhere to go before or after a meal at a local restaurant,Not selected,Not selected,Never,About once per month,Never,Once in a few months or longer,More than once per week,Depends upon the product/service
R_6stik6ct9YovMc1,5e6844d12062a1012a278976,Once in a few months or longer,Not selected,Biking,Not selected,Playing team sports,Not selected,Not selected,Not selected,Not selected,Not selected,Once in a few months or longer,Once in a few months or longer,Never,Once in a few months or longer,Never,Highly loyal
R_ykEMPo0qE289nxv,5eb24b26f30ede1a6ae46c14,Several times per month,Running/walking,Not selected,Not selected,Not selected,Spending time with family/pets,Somewhere to go before or after a beer/cocktail at a local bar or restaurant,Somewhere to go before or after a meal at a local restaurant,Not selected,Not selected,Never,Once in a few months or longer,Never,Once in a few months or longer,Once in a few months or longer,Not loyal
R_339yop8JgUYMraj,60bc8860d04f4ac80d319a5c,Once in a few months or longer,Running/walking,Not selected,Not selected,Not selected,Spending time with family/pets,Not selected,Not selected,Not selected,Not selected,Once in a few months or longer,Once in a few months or longer,Never,More than once per week,More than once per week,Not loyal
R_10SGjZHhlodXSqp,60ba2ffd080107de026041d3,Once in a few months or longer,Running/walking,Not selected,Not selected,Not selected,Spending time with family/pets,Not selected,Not selected,Not selected,Not selected,Once in a few months or longer,About once per month,1 per year,About once per week,More than once per week,Somewhat loyal
R_3EgUF0I3sROUcyf,616aa4dd60a1b352bf22040b,Once in a few months or longer,Running/walking,Not selected,Not selected,Not selected,Not selected,Not selected,Somewhere to go before or after a meal at a local restaurant,Not selected,Not selected,Once in a few months or longer,Once in a few months or longer,2-3 per year,Never,Several times per month,Not loyal
R_3Msa3w08BMXG2td,6171125c1d572c106f10824e,About once per week,Running/walking,Not selected,Not selected,Not selected,Spending time with family/pets,Not selected,Somewhere to go before or after a meal at a local restaurant,Not selected,Not selected,About once per month,Several times per month,2-3 per year,About once per month,More than once per week,Depends upon the product/service
R_11WLeFfCaKTu46V,602c42fcd6ab3e5033c45951,About once per week,Running/walking,Biking,Not selected,Not selected,Spending time with family/pets,Somewhere to go before or after a beer/cocktail at a local bar or restaurant,Somewhere to go before or after a meal at a local restaurant,Not selected,Not selected,Once in a few months or longer,About once per month,Never,More than once per week,Never,Depends upon the product/service
R_rjpJVokwsSPqdDH,6026adf0704fd23a5dc0ee32,Several times per month,Not selected,Biking,Not selected,Not selected,Spending time with family/pets,Not selected,Not selected,Not selected,Not selected,Once in a few months or longer,More than once per week,Never,Once in a few months or longer,More than once per week,Somewhat loyal
R_ukxET7Z6XT8awbT,60ffd5a3e2648d7c3d7d2c53,About once per month,Not selected,Not selected,Not selected,Not selected,Spending time with family/pets,Not selected,Not selected,Someplace to go while I drink my coffee,Not selected,Several times per month,Several times per month,>5 per year,About once per month,Once in a few months or longer,Not loyal
R_3lL03AUtktL7v8y,5f59963070a31e1f2bb54722,Once in a few months or longer,Running/walking,Not selected,Not selected,Not selected,Spending time with family/pets,Not selected,Not selected,Not selected,Not selected,Never,Once in a few months or longer,Never,Once in a few months or longer,More than once per week,Depends upon the product/service
R_2wS7N63FAhZDhy1,6119bdc932d9ebe82ea581e1,Once in a few months or longer,Running/walking,Not selected,Not selected,Not selected,Spending time with family/pets,Not selected,Not selected,Not selected,Not selected,Never,Once in a few months or longer,1 per year,Once in a few months or longer,More than once per week,Not loyal
R_3K2kQuEAJRk2t0J,610a30b7a800f225aa297939,Several times per month,Not selected,Not selected,Not selected,Not selected,Spending time with family/pets,Somewhere to go before or after a beer/cocktail at a local bar or restaurant,Somewhere to go before or after a meal at a local restaurant,Not selected,Not selected,Once in a few months or longer,Once in a few months or longer,2-3 per year,About once per week,Several times per month,Depends upon the product/service
R_D1ZSxMYdx5UhnB7,61517db6a7589569521b2356,Once in a few months or longer,Not selected,Not selected,Not selected,Not selected,Spending time with family/pets,Not selected,Not selected,Not selected,Not selected,Once in a few months or longer,Once in a few months or longer,Never,Never,Never,Highly loyal
R_3fDg875Ip53WY4S,60a51f35a0db48f89d6f3a72,Once in a few months or longer,Not selected,Not selected,Not selected,Not selected,Spending time with family/pets,Not selected,Not selected,Not selected,Not selected,Never,Once in a few months or longer,1 per year,Once in a few months or longer,Once in a few months or longer,Somewhat loyal
R_1hW3ISwyne0o7DL,60c1bb3a19116b4408b8c5de,Once in a few months or longer,Running/walking,Biking,Not selected,Not selected,Spending time with family/pets,Not selected,Not selected,Not selected,Not selected,Never,Once in a few months or longer,1 per year,Never,More than once per week,Somewhat loyal
R_prEb71fMTr9AjT3,60fd2df8081f57baddf31c73,Once in a few months or longer,Running/walking,Not selected,Not selected,Not selected,Spending time with family/pets,Not selected,Not selected,Not selected,Not selected,Never,Once in a few months or longer,2-3 per year,Never,More than once per week,Depends upon the product/service
R_2fy4RUk3XlvnV6V,5d847ac9be4b0b00188463d7,Never,Running/walking,Not selected,Not selected,Not selected,Not selected,Not selected,Somewhere to go before or after a meal at a local restaurant,Not selected,Not selected,Never,Never,Never,Never,Never,Depends upon the product/service
R_2Y36KGPLjjwnQaK,6152b51328e74caf1118a077,About once per month,Running/walking,Not selected,Not selected,Not selected,Not selected,Not selected,Somewhere to go before or after a meal at a local restaurant,Not selected,Not selected,Once in a few months or longer,Once in a few months or longer,Never,More than once per week,About once per week,Somewhat loyal
R_1FzTnRtzbwh2TUw,615170652e506c1cdef806c0,Several times per month,Not selected,Biking,Not selected,Not selected,Not selected,Not selected,Not selected,Not selected,Not selected,Never,Never,Never,About once per month,More than once per week,Depends upon the product/service
R_vCePkDDBwkdBOgx,5ddbd6e518beb6b1e1de0326,Once in a few months or longer,Not selected,Not selected,Not selected,Not selected,Not selected,Not selected,Somewhere to go before or after a meal at a local restaurant,Not selected,Not selected,Once in a few months or longer,Several times per month,Never,Never,Never,Depends upon the product/service
R_115v2k9Mfaj0qj1,55f5946a32af74001017047b,Several times per month,Running/walking,Biking,Not selected,Not selected,Spending time with family/pets,Not selected,Somewhere to go before or after a meal at a local restaurant,Not selected,Not selected,Never,About once per week,Never,Never,More than once per week,Highly loyal
R_1K7uBKTgR25Neqt,60ec382554a4738b3985bce1,About once per week,Running/walking,Not selected,Not selected,Playing team sports,Spending time with family/pets,Not selected,Not selected,Not selected,Not selected,Once in a few months or longer,Once in a few months or longer,1 per year,Once in a few months or longer,More than once per week,Somewhat loyal
R_2xzSakSnKcg71R4,5e606b1eaf84e83c728748d7,Several times per month,Running/walking,Not selected,Not selected,Not selected,Spending time with family/pets,Not selected,Not selected,Not selected,Not selected,Once in a few months or longer,Several times per month,2-3 per year,Several times per month,More than once per week,Depends upon the product/service
R_2SviNbV1QV8UctQ,6160db8b2995742dd0ee9211,About once per month,Running/walking,Not selected,Not selected,Playing team sports,Spending time with family/pets,Not selected,Not selected,Not selected,Not selected,Once in a few months or longer,Several times per month,Never,Once in a few months or longer,About once per month,Somewhat loyal
R_1hLLPtF4zKe7USn,608f39d2c76e436967135846,Several times per month,Running/walking,Not selected,Not selected,Not selected,Not selected,Not selected,Not selected,Not selected,Not selected,Never,Never,Never,Several times per month,More than once per week,Somewhat loyal
R_1q9R7Nueg3sBfxf,60ff6a564e65a25ad8c0b2ef,Several times per month,Running/walking,Not selected,Not selected,Not selected,Spending time with family/pets,Not selected,Somewhere to go before or after a meal at a local restaurant,Not selected,Not selected,Once in a few months or longer,Once in a few months or longer,1 per year,About once per week,More than once per week,Depends upon the product/service
R_3HNswB07adxg7HA,6051536b3e81428095504b35,More than once per week,Running/walking,Biking,Not selected,Not selected,Not selected,Not selected,Not selected,Someplace to go while I drink my coffee,Not selected,Never,Once in a few months or longer,Never,More than once per week,More than once per week,Somewhat loyal
R_1rAKvLFZ5wff1Nc,5c9ebf067114700016da2813,Once in a few months or longer,Running/walking,Not selected,Not selected,Not selected,Spending time with family/pets,Not selected,Not selected,Not selected,Not selected,Once in a few months or longer,Once in a few months or longer,Never,Never,Once in a few months or longer,Depends upon the product/service
R_080q9POf4hsGaTD,5807a64c357e890001dd0ab6,Several times per month,Running/walking,Not selected,Not selected,Not selected,Spending time with family/pets,Not selected,Not selected,Not selected,Not selected,Never,About once per month,Never,Several times per month,More than once per week,Somewhat loyal
R_1o1fjtw6fKdRHE6,5eaff2eac963900392c6dc48,Once in a few months or longer,Not selected,Not selected,Not selected,Not selected,Spending time with family/pets,Not selected,Not selected,Not selected,Not selected,Never,Once in a few months or longer,Never,Never,More than once per week,Depends upon the product/service
R_3j0ccCM8gTn97oA,5dd3e3cd5daaa63c5fdb7bb8,About once per month,Not selected,Not selected,Not selected,Not selected,Spending time with family/pets,Not selected,Somewhere to go before or after a meal at a local restaurant,Not selected,Not selected,Once in a few months or longer,About once per month,1 per year,Never,Never,Highly loyal
R_2Setl1Sii1yP4bh,614e7196ef4fbb72f9a5223c,About once per month,Running/walking,Not selected,Not selected,Not selected,Not selected,Not selected,Not selected,Not selected,Not selected,Never,Once in a few months or longer,Never,About once per month,Never,Depends upon the product/service
R_1LbQXWrYDiN9ord,5ff94e71c59814230b0fb713,About once per month,Not selected,Not selected,Not selected,Not selected,Spending time with family/pets,Not selected,Not selected,Not selected,Not selected,Never,About once per month,Never,Once in a few months or longer,Once in a few months or longer,Somewhat loyal
R_1LtgNY815haReOy,5e97a2d74cb72e263342ecc9,Never,Not selected,Not selected,Not selected,Not selected,Not selected,Not selected,Not selected,Not selected,I don't go to the park,Never,Once in a few months or longer,Never,Never,Never,Depends upon the product/service
R_1HqnWn1noPQ0Znf,5d3a2d1da46f450019cdf5d3,About once per month,Not selected,Biking,Not selected,Not selected,Not selected,Not selected,Not selected,Not selected,Not selected,Once in a few months or longer,About once per week,Never,Never,About once per month,Highly loyal
R_2TTAkxMoFXoX2zJ,606e4eb2a56685e5593304cd,About once per month,Running/walking,Not selected,Not selected,Not selected,Not selected,Not selected,Not selected,Not selected,Not selected,Never,Never,Never,Several times per month,More than once per week,Depends upon the product/service
R_2QKjVlcllk69nud,615c777509f34c8977bc45a7,About once per week,Running/walking,Not selected,Not selected,Not selected,Not selected,Not selected,Not selected,Not selected,Not selected,About once per month,More than once per week,1 per year,About once per month,More than once per week,Somewhat loyal
R_XNFfgQNBzR6IBGh,610f326ceebada4236a67080,Once in a few months or longer,Running/walking,Biking,Not selected,Not selected,Not selected,Not selected,Not selected,Not selected,Not selected,Once in a few months or longer,About once per month,Never,About once per month,Several times per month,Somewhat loyal
R_3n3VBI5u7KPQZot,58d2cb10f5899100018a05b8,About once per month,Running/walking,Biking,Not selected,Playing team sports,Spending time with family/pets,Not selected,Not selected,Not selected,Not selected,Several times per month,About once per week,2-3 per year,About once per week,More than once per week,Somewhat loyal
R_2R3xSoHwdNYAXt1,5dbf2bee3237043d5e7f98d7,About once per month,Not selected,Biking,Not selected,Not selected,Spending time with family/pets,Not selected,Not selected,Someplace to go while I drink my coffee,Not selected,Once in a few months or longer,Once in a few months or longer,2-3 per year,More than once per week,More than once per week,Depends upon the product/service
R_2P06LNMlOwmPUCO,59dc458f77860e000151240e,Once in a few months or longer,Running/walking,Not selected,Not selected,Not selected,Spending time with family/pets,Not selected,Not selected,Not selected,Not selected,Never,About once per month,Never,Once in a few months or longer,Never,Somewhat loyal
R_1gHKY95PxXLdjaj,61648bb6ad1eceeee2c056ee,About once per month,Running/walking,Not selected,Not selected,Playing team sports,Spending time with family/pets,Not selected,Not selected,Not selected,Not selected,Once in a few months or longer,Once in a few months or longer,Never,Once in a few months or longer,More than once per week,Not loyal
R_2WuT9wtk60WEBHv,5898b6e256357700011c2c6b,Never,Not selected,Not selected,Not selected,Not selected,Not selected,Not selected,Not selected,Not selected,I don't go to the park,Never,Once in a few months or longer,Never,Never,More than once per week,Not loyal
R_UflX6jNDUa7w0Eh,610726b29bdbcfbbaeaa5c74,More than once per week,Running/walking,Biking,Cross-country skiing,Playing team sports,Spending time with family/pets,Not selected,Somewhere to go before or after a meal at a local restaurant,Someplace to go while I drink my coffee,Not selected,Once in a few months or longer,Several times per month,Never,Never,More than once per week,Somewhat loyal
R_3IPQ8C2HXjXFF0W,60d32e3148c380db202ec35c,About once per month,Running/walking,Not selected,Not selected,Not selected,Spending time with family/pets,Not selected,Somewhere to go before or after a meal at a local restaurant,Not selected,Not selected,Never,Several times per month,Never,Once in a few months or longer,More than once per week,Somewhat loyal
R_2CBNk5tYF41HdSJ,606d162eaf1c27437d59a82c,Once in a few months or longer,Running/walking,Not selected,Not selected,Not selected,Not selected,Not selected,Not selected,Not selected,Not selected,Never,Once in a few months or longer,Never,Never,Once in a few months or longer,Depends upon the product/service
R_1cUqVATHjtgTeCS,57bf14513c449a000189c89a,Never,Running/walking,Not selected,Not selected,Not selected,Not selected,Not selected,Somewhere to go before or after a meal at a local restaurant,Not selected,Not selected,Once in a few months or longer,Once in a few months or longer,Never,Never,Once in a few months or longer,Depends upon the product/service
R_1g6fvJfvYJz3GKg,60ff13037d2dde9da3f054e2,Once in a few months or longer,Running/walking,Not selected,Not selected,Not selected,Spending time with family/pets,Not selected,Somewhere to go before or after a meal at a local restaurant,Not selected,Not selected,Once in a few months or longer,About once per month,Never,Never,More than once per week,Highly loyal
R_D33IrbN1yiS5ywN,5fa941f4897b8d0670476392,Once in a few months or longer,Not selected,Not selected,Not selected,Not selected,Spending time with family/pets,Not selected,Not selected,Not selected,Not selected,Once in a few months or longer,Once in a few months or longer,Never,Once in a few months or longer,More than once per week,Depends upon the product/service
